{"_step":31,"_wandb":{"runtime":86},"loss":0.187238949908269,"_timestamp":1.736860786095019e+09,"_runtime":28.65082828}