{"_timestamp":1.736346362097197e+09,"_runtime":28.7081742,"_wandb":{"runtime":86},"_step":31,"loss":0.0718929886609762}