{"_step":31,"loss":0.07044346135861372,"_wandb":{"runtime":87},"_timestamp":1.736345245270129e+09,"_runtime":28.493025547}