{"_wandb":{"runtime":5},"loss":0.26270491414939523,"_timestamp":1.7346085558021667e+09,"_runtime":4.583360175,"_step":3}