{"_step":20,"loss":0.19163684482275156,"_timestamp":1.7368607499360757e+09,"_wandb":{"runtime":19},"_runtime":19.026473165}