{"_runtime":28.564739931,"_wandb":{"runtime":88},"_step":31,"loss":0.06690838358776743,"_timestamp":1.736345380954555e+09}