{"_wandb":{"runtime":7},"loss":0.24559936291416817,"_timestamp":1.7346085419006264e+09,"_runtime":7.443103914,"_step":6}