{"step_loss":254.16426349727487,"step_time_ms":160171.0398197174,"train_loss":7.908892958134859,"_timestamp":1.7346083910217516e+09,"_wandb":{"runtime":409},"_step":291,"loss":0.2140369037010524,"_runtime":408.987892256,"val_loss":7.965647649857152}