{"_step":5,"_wandb":{"runtime":8},"loss":0.24694188411630144,"_timestamp":1.734608775720068e+09,"_runtime":8.00202387}