{"_runtime":1.94965082,"_step":0,"_wandb":{"runtime":2},"loss":0.3081137713547961,"_timestamp":1.7346070974237769e+09}