{"val_loss":7.397049251258298,"_runtime":529.198519341,"loss":0.1075768903616556,"_step":481,"train_loss":6.746900893616455,"step_loss":240.06415990935398,"_timestamp":1.7363567539148836e+09,"step_time_ms":143714.37978744507,"_wandb":{"runtime":529}}