{"_runtime":25.476239062,"_step":25,"loss":0.19199107508726926,"_timestamp":1.7346087465231187e+09,"_wandb":{"runtime":26}}