{"_step":31,"_wandb":{"runtime":73},"loss":0.07137311217431107,"_timestamp":1.7363462819756076e+09,"_runtime":28.403972122}